{
  "created_at": "2026-02-05T16:16:02",
  "splits": {
    "train": {
      "rows": 198608,
      "fraud_rate": 0.0018428260694433255,
      "time_min": 0.0,
      "time_max": 132906.0
    },
    "valid": {
      "rows": 42559,
      "fraud_rate": 0.0012923235978288964,
      "time_min": 132906.0,
      "time_max": 151320.0
    },
    "test": {
      "rows": 42559,
      "fraud_rate": 0.001221833219765502,
      "time_min": 151320.0,
      "time_max": 172792.0
    }
  }
}