{
  "model": "LightGBM",
  "dataset": "TEST",
  "generated_at": "2026-02-07T11:53:11",
  "pr_auc": 0.7680297925305981,
  "chosen_threshold": 0.01418609624012262,
  "precision": 0.26143790849673204,
  "recall": 0.7692307692307693,
  "f1": 0.3902439024390244,
  "alerts": 153,
  "alert_rate": 0.0035950092812331116,
  "confusion_matrix": [
    [
      42394,
      113
    ],
    [
      12,
      40
    ]
  ]
}